{"cameraMode":{"drawMode":0,"name":"Shaded","section":"Shading Mode"},"sceneLighting":true,"audioPlay":false,"sceneViewState":{"showFog":true,"showMaterialUpdate":false,"showSkybox":true,"showFlares":true,"showImageEffects":true,"showParticleSystems":true},"in2DMode":false,"pivot":{"x":25.650283813476564,"y":-100.44742584228516,"z":36.39167785644531},"rotation":{"x":0.09039846807718277,"y":-0.903685986995697,"z":0.23642735183238984,"w":0.3454279899597168},"size":190.71932983398438,"orthographic":false}